Head,HeadCode,Relation,Tail,TailCode,SourceSampleID,Dosage
Alendronate,RXCUI:46041,PRESCRIBED_FOR,Loãng xương,,syn_075,70mg
Amlodipine,RXCUI:17767,PRESCRIBED_FOR,Cao huyết áp,I10,"syn_011,syn_052",5mg
Amoxicillin,RXCUI:723,PRESCRIBED_FOR,Viêm loét dạ dày,K25,syn_012,500mg
Amoxicillin,RXCUI:723,PRESCRIBED_FOR,Viêm phế quản cấp,J20.9,syn_006,500mg
Aspirin,RXCUI:1191,PRESCRIBED_FOR,Nhồi máu não,I63,syn_055,81mg
Aspirin,RXCUI:1191,TREATS,Cơn đau thắt ngực,,syn_002,81mg
Atorvastatin,RXCUI:83367,PRESCRIBED_FOR,Rối loạn lipid máu,E78.5,"syn_010,syn_033,syn_058,syn_066,syn_081,syn_090,syn_094",20mg
Atorvastatin,RXCUI:83367,PRESCRIBED_FOR,Xơ vữa động mạch cảnh,,syn_093,20mg
Atorvastatin,RXCUI:83367,TREATS,Cơn đau thắt ngực,,syn_002,20mg
Augmentin,RXCUI:48203,PRESCRIBED_FOR,Viêm phổi,J18.9,"syn_046,syn_068",
Bệnh Migraine,G43.9,HAS_SYMPTOM,Buồn nôn,,"syn_016,syn_074",
Bệnh Migraine,G43.9,HAS_SYMPTOM,Cơn đau dữ dội,,syn_016,
Bệnh Migraine,G43.9,HAS_SYMPTOM,Đau dữ dội,,syn_016,
Bệnh Migraine,G43.9,HAS_SYMPTOM,Đau đầu dữ dội,,syn_074,
Bệnh Migraine,G43.9,HAS_SYMPTOM,Đau đầu dữ dội theo mạch đập ở một bên thái dương,,syn_074,
Bệnh phổi tắc nghẽn mạn tính,J44,HAS_SYMPTOM,Ho khạc đờm nhầy mạn tính,,syn_051,
Bệnh phổi tắc nghẽn mạn tính,J44,HAS_SYMPTOM,Khó thở khi gắng sức,,"syn_024,syn_051",
Calcium,RXCUI:1895,PRESCRIBED_FOR,Loãng xương,,syn_025,
Cao huyết áp,I10,HAS_SYMPTOM,Chóng mặt,,syn_052,
Cao huyết áp,I10,HAS_SYMPTOM,Đau đầu,,syn_052,
Cao huyết áp,I10,HAS_SYMPTOM,Đau đầu vùng chẩm,,syn_052,
Carbamazepine,RXCUI:2002,PRESCRIBED_FOR,Động kinh,G40.9,syn_027,200mg
Cefixim,RXCUI:25033,PRESCRIBED_FOR,Nhiễm trùng đường tiết niệu,N39.0,syn_076,200mg
Celecoxib,RXCUI:140587,PRESCRIBED_FOR,Thoái hóa khớp gối,M17,syn_014,200mg
Cetirizine,RXCUI:20610,PRESCRIBED_FOR,Viêm mũi dị ứng,J30.4,syn_035,10mg
Cetirizine,RXCUI:20610,TREATS,Chảy nước mũi nhiều,,syn_035,10mg
Cetirizine,RXCUI:20610,TREATS,Hắt hơi,,syn_035,10mg
Clotrimazole,RXCUI:2623,PRESCRIBED_FOR,Nấm da,B35.9,syn_041,
Clotrimazole,RXCUI:2623,PRESCRIBED_FOR,Viêm âm đạo do nấm,B37.3,syn_070,
Clotrimazole,RXCUI:2623,TREATS,Viêm ngứa,,syn_070,
Cyproterone acetate,RXCUI:22054,PRESCRIBED_FOR,Đa nang buồng trứng,E28.2,syn_071,2mg
Cường giáp,E05.9,HAS_SYMPTOM,Hồi hộp,,syn_026,
Cường giáp,E05.9,HAS_SYMPTOM,Run tay,,syn_026,
Depakine Chrono,,PRESCRIBED_FOR,Động kinh,G40.9,syn_073,500mg
Depakine Chrono,,TREATS,Co giật toàn thể cứng - gi clon,,syn_073,500mg
Depakine Chrono,,TREATS,Cơn co giật,,syn_073,500mg
Diane-35,,PRESCRIBED_FOR,Đa nang buồng trứng,E28.2,syn_071,
Diclofenac,RXCUI:3355,PRESCRIBED_FOR,Sỏi thận,N20.0,syn_079,
Diclofenac,RXCUI:3355,PRESCRIBED_FOR,Thoát vị đĩa đệm cột sống thắt lưng,M51.2,syn_009,
Diclofenac,RXCUI:3355,TREATS,Đau quặn thận bên phải,,syn_079,
Diclofenac,RXCUI:3355,TREATS,Đau thần kinh tọa,,syn_009,
Digoxin,RXCUI:3407,PRESCRIBED_FOR,Rung nhĩ,I48.9,syn_057,0.25mg
Escitalopram,RXCUI:321988,PRESCRIBED_FOR,Rối loạn lo âu lan tỏa,F41.1,syn_059,10mg
Esomeprazole,RXCUI:283742,PRESCRIBED_FOR,Trào ngược dạ dày thực quản,K21.9,"syn_023,syn_086",40mg
Esomeprazole,RXCUI:283742,TREATS,ợ nóng,,syn_023,40mg
Ethinylestradiol,RXCUI:4124,PRESCRIBED_FOR,Đa nang buồng trứng,E28.2,syn_071,0.03mg
Ferrous sulfate,RXCUI:24947,PRESCRIBED_FOR,Thiếu máu thiếu sắt,D50.9,"syn_017,syn_062",
Fluconazole,RXCUI:4450,PRESCRIBED_FOR,Viêm âm đạo do nấm,B37.3,syn_028,150mg
Furosemide,RXCUI:4603,PRESCRIBED_FOR,Suy tim sung huyết,I50.9,"syn_008,syn_022,syn_085",40mg
Furosemide,RXCUI:4603,TREATS,Khó thở khi gắng sức,,syn_085,40mg
Furosemide,RXCUI:4603,TREATS,Phù chi dưới,,syn_085,40mg
Hen phế quản,J45,HAS_SYMPTOM,Ho khan,,syn_053,
Hen phế quản,J45,HAS_SYMPTOM,Khó thở rít,,syn_053,
Hen phế quản,J45,HAS_SYMPTOM,Đờm trắng,,syn_053,
Hydrocortisone,RXCUI:5492,PRESCRIBED_FOR,Suy tuyến thượng thận,E27.4,syn_061,10mg
Hydrocortisone,RXCUI:5492,PRESCRIBED_FOR,Viêm da cơ địa,L20.9,syn_019,
Hydrocortisone,RXCUI:5492,TREATS,Mảng đỏ,,syn_019,
Hydrocortisone,RXCUI:5492,TREATS,Ngứa,,syn_019,
Ibuprofen,RXCUI:5640,CONTRAINDICATED_FOR,Viêm loét dạ dày,K25,syn_003,
Isotretinoin,RXCUI:6064,PRESCRIBED_FOR,Mụn trứng cá,L70.0,syn_030,10mg
Levothyroxine,RXCUI:10582,PRESCRIBED_FOR,Suy giáp,E03.9,"syn_037,syn_060",50mcg
Lisinopril,RXCUI:29046,PRESCRIBED_FOR,Suy tim sung huyết,I50.9,syn_008,10mg
Loratadine,RXCUI:28889,PRESCRIBED_FOR,Viêm da cơ địa,L20.9,syn_019,
Loratadine,RXCUI:28889,TREATS,Ngứa,,syn_019,
Loãng xương,,HAS_SYMPTOM,Chiều cao cơ thể giảm,,syn_075,
Loãng xương,,HAS_SYMPTOM,Đau nhức âm ỉ cột sống thắt lưng,,syn_075,
Loãng xương,,HAS_SYMPTOM,Đau nhức âm ỉ vùng cột sống thắt lưng,,syn_075,
Meloxicam,RXCUI:41493,PRESCRIBED_FOR,Thoái hóa khớp gối,M17,syn_080,15mg
Meloxicam,RXCUI:41493,PRESCRIBED_FOR,Thoát vị đĩa đệm cột sống thắt lưng,M51.2,syn_063,15mg
Meloxicam,RXCUI:41493,PRESCRIBED_FOR,Viêm gân vai,M75.2,syn_067,15mg
Meloxicam,RXCUI:41493,PRESCRIBED_FOR,Đau thắt lưng,M54.5,syn_096,15mg
Meloxicam,RXCUI:41493,PRESCRIBED_FOR,Đau thắt lưng,M54.5,syn_091,7.5mg
Meloxicam,RXCUI:41493,TREATS,Đau nhói vùng thắt lưng,,syn_089,15mg
Meloxicam,RXCUI:41493,TREATS,Đau thắt lưng,M54.5,syn_063,15mg
Metformin,RXCUI:6809,PRESCRIBED_FOR,Đa nang buồng trứng,E28.2,syn_050,
Metformin,RXCUI:6809,PRESCRIBED_FOR,Đái tháo đường týp 2,E11,"syn_001,syn_004,syn_015,syn_072",
Methimazole,RXCUI:6835,PRESCRIBED_FOR,Cường giáp,E05.9,syn_026,5mg
Methimazole,RXCUI:6835,TREATS,Hồi hộp,,syn_026,5mg
Methimazole,RXCUI:6835,TREATS,Run tay,,syn_026,5mg
Methotrexate,RXCUI:6851,PRESCRIBED_FOR,Viêm khớp dạng thấp,M06.9,"syn_036,syn_083",10mg/tuần
Methotrexate,RXCUI:6851,TREATS,Cứng khớp buổi sáng,,syn_036,10mg/tuần
Mụn trứng cá,L70.0,HAS_SYMPTOM,Nhân trứng cá đầu đen,,syn_054,
Mụn trứng cá,L70.0,HAS_SYMPTOM,Sẩn đỏ viêm,,syn_054,
"NaCl 0,9%",RXCUI:9863,PRESCRIBED_FOR,Viêm ruột thừa cấp,K35.8,syn_095,500ml
Nhiễm trùng đường tiết niệu,N39.0,HAS_SYMPTOM,Sốt nhẹ,,syn_076,
Nhiễm trùng đường tiết niệu,N39.0,HAS_SYMPTOM,Tiểu buốt,,"syn_020,syn_076",
Nhiễm trùng đường tiết niệu,N39.0,HAS_SYMPTOM,Tiểu rắt,,syn_020,
Nhồi máu não,I63,HAS_SYMPTOM,Khó nói,,syn_055,
Nhồi máu não,I63,HAS_SYMPTOM,Liệt nhẹ nửa người trái,,syn_038,
Nhồi máu não,I63,HAS_SYMPTOM,Liệt nửa người bên phải,,syn_055,
Nhồi máu não,I63,HAS_SYMPTOM,Méo miệng,,syn_055,
Nấm da,B35.9,HAS_SYMPTOM,Ngứa,,syn_056,
Nấm da,B35.9,HAS_SYMPTOM,Tổn thương da dạng vành cung có bờ viền rõ,,syn_056,
Omeprazole,RXCUI:7646,PRESCRIBED_FOR,Trào ngược dạ dày thực quản,K21.9,syn_003,20mg
Omeprazole,RXCUI:7646,PRESCRIBED_FOR,Viêm loét dạ dày,K25,"syn_003,syn_012,syn_087",20mg
Omeprazole,RXCUI:7646,TREATS,Đau thượng vị,,syn_087,20mg
Omeprazole,RXCUI:7646,TREATS,Ợ chua,,syn_087,20mg
Oresol,,PRESCRIBED_FOR,Viêm dạ dày ruột nhiễm khuẩn,A09,"syn_040,syn_082",
Oresol,,TREATS,Đi ngoài 5 lần/ngày,,syn_040,
Paracetamol,RXCUI:161,PRESCRIBED_FOR,Viêm mũi họng cấp,J00,syn_084,500mg
Paracetamol,RXCUI:161,TREATS,Sốt 38.5 độ,,syn_018,500mg
Paracetamol,RXCUI:161,TREATS,sốt,,"syn_018,syn_084",500mg
Paracetamol,RXCUI:161,TREATS,Đau đầu,,syn_084,500mg
Phì đại lành tính tuyến tiền liệt,N40,HAS_SYMPTOM,Tiểu khó,,syn_077,
Phì đại lành tính tuyến tiền liệt,N40,HAS_SYMPTOM,Tiểu ngắt quãng,,syn_077,
Phì đại lành tính tuyến tiền liệt,N40,HAS_SYMPTOM,Tiểu đêm,,syn_042,
Prednisolone,RXCUI:8638,PRESCRIBED_FOR,Suy tuyến thượng thận,E27.4,syn_048,5mg
Rung nhĩ,I48.9,HAS_SYMPTOM,Hồi hộp đánh trống ngực,,syn_057,
Rung nhĩ,I48.9,HAS_SYMPTOM,Khó thở khi gắng sức,,syn_057,
Ruột kích thích,,HAS_SYMPTOM,Tiêu chảy,,syn_078,
Ruột kích thích,,HAS_SYMPTOM,Táo bón,,syn_078,
Ruột kích thích,,HAS_SYMPTOM,Đau bụng,,syn_034,
Ruột kích thích,,HAS_SYMPTOM,Đau quặn bụng,,syn_078,
Ruột kích thích,,HAS_SYMPTOM,Đau quặn bụng từng cơn,,syn_078,
Ruột kích thích,,HAS_SYMPTOM,Đi ngoài phân lỏng,,syn_034,
Rối loạn lipid máu,E78.5,CAUSES,Xơ vữa động mạch cảnh,,syn_090,
Rối loạn lipid máu,E78.5,HAS_SYMPTOM,Chóng mặt,,syn_094,
Rối loạn lipid máu,E78.5,HAS_SYMPTOM,Hoa mắt,,syn_094,
Rối loạn lipid máu,E78.5,HAS_SYMPTOM,Tê bì hai chi dưới,,syn_090,
Rối loạn lipid máu,E78.5,HAS_SYMPTOM,Đau tức ngực âm ỉ,,syn_094,
Rối loạn lo âu lan tỏa,F41.1,HAS_SYMPTOM,Khó tập trung công việc,,syn_059,
Rối loạn lo âu lan tỏa,F41.1,HAS_SYMPTOM,Lo lắng quá mức,,syn_059,
Salbutamol,RXCUI:435,PRESCRIBED_FOR,Hen phế quản,J45,"syn_007,syn_053",
Salbutamol,RXCUI:435,TREATS,Ho khan,,syn_013,
Salbutamol,RXCUI:435,TREATS,Ho khan kéo dài,,syn_013,
Salmeterol/Fluticasone,,PRESCRIBED_FOR,Bệnh phổi tắc nghẽn mạn tính,J44,syn_051,50/250 mcg
Sertraline,RXCUI:36437,PRESCRIBED_FOR,Rối loạn lo âu,,syn_049,50mg
Sertraline,RXCUI:36437,PRESCRIBED_FOR,Rối loạn lo âu lan tỏa,F41.1,syn_049,50mg
Sertraline,RXCUI:36437,TREATS,Hồi hộp,,syn_049,50mg
Sumatriptan,RXCUI:37418,PRESCRIBED_FOR,Bệnh Migraine,G43.9,syn_074,50mg
Suy giáp,E03.9,HAS_SYMPTOM,Mệt mỏi kéo dài,,syn_060,
Suy giáp,E03.9,HAS_SYMPTOM,Sợ lạnh,,syn_060,
Suy tim sung huyết,I50.9,HAS_SYMPTOM,Khó thở khi gắng sức,,syn_085,
Suy tim sung huyết,I50.9,HAS_SYMPTOM,Phù chi dưới,,syn_085,
Suy tim sung huyết,I50.9,HAS_SYMPTOM,Phù hai chi dưới,,syn_008,
Suy tuyến thượng thận,E27.4,HAS_SYMPTOM,Mệt mỏi kéo dài,,syn_061,
Suy tuyến thượng thận,E27.4,HAS_SYMPTOM,Sụt cân,,syn_061,
Suy tuyến thượng thận,E27.4,HAS_SYMPTOM,Sụt cân không rõ nguyên nhân,,syn_061,
Sỏi thận,N20.0,HAS_SYMPTOM,Tiểu máu vi thể,,syn_079,
Sỏi thận,N20.0,HAS_SYMPTOM,Đau quặn thận bên phải,,syn_079,
Sỏi thận,N20.0,HAS_SYMPTOM,Đau quặn thận trái,,syn_031,
Tamsulosin,RXCUI:77492,PRESCRIBED_FOR,Phì đại lành tính tuyến tiền liệt,N40,"syn_042,syn_077",0.4mg
Tamsulosin,RXCUI:77492,TREATS,Tiểu đêm,,syn_042,0.4mg
Tenofovir,RXCUI:117466,PRESCRIBED_FOR,Viêm gan vi-rút B mạn,B18.1,"syn_045,syn_065",300mg
Thiếu máu thiếu sắt,D50.9,HAS_SYMPTOM,Da xanh xao,,syn_062,
Thiếu máu thiếu sắt,D50.9,HAS_SYMPTOM,Mệt mỏi,,syn_062,
Thoái hóa khớp gối,M17,HAS_SYMPTOM,Cứng khớp buổi sáng,,syn_080,
Thoái hóa khớp gối,M17,HAS_SYMPTOM,Đau khớp,,syn_080,
Thoái hóa khớp gối,M17,HAS_SYMPTOM,Đau tăng khi vận động,,syn_014,
Thoát vị đĩa đệm cột sống thắt lưng,M51.2,HAS_SYMPTOM,Tê bì cẳng chân,,syn_063,
Thoát vị đĩa đệm cột sống thắt lưng,M51.2,HAS_SYMPTOM,Đau thắt lưng,M54.5,syn_063,
Tranexamic acid,RXCUI:10691,PRESCRIBED_FOR,U xơ tử cung,D25.9,syn_064,500mg
Tranexamic acid,RXCUI:10691,TREATS,Rong kinh,,syn_064,500mg
Tranexamic acid,RXCUI:10691,TREATS,Rong kinh kéo dài,,syn_064,500mg
Trimebutin,,PRESCRIBED_FOR,Ruột kích thích,,syn_078,200mg
Trimebutin,,TREATS,Đau quặn bụng,,syn_078,200mg
Trimebutin,,TREATS,Đau quặn bụng từng cơn,,syn_078,200mg
Trào ngược dạ dày thực quản,K21.9,HAS_SYMPTOM,Nóng rát sau xương ức,,syn_086,
Trào ngược dạ dày thực quản,K21.9,HAS_SYMPTOM,Ợ chua,,syn_086,
Trào ngược dạ dày thực quản,K21.9,HAS_SYMPTOM,ợ nóng,,syn_023,
U xơ tử cung,D25.9,HAS_SYMPTOM,Rong kinh,,"syn_039,syn_064",
U xơ tử cung,D25.9,HAS_SYMPTOM,Rong kinh kéo dài,,syn_064,
U xơ tử cung,D25.9,HAS_SYMPTOM,Đau tức hạ vị,,syn_064,
Vitamin D3,RXCUI:1244014,PRESCRIBED_FOR,Loãng xương,,syn_025,
Viêm da cơ địa,L20.9,HAS_SYMPTOM,Mảng đỏ,,syn_019,
Viêm da cơ địa,L20.9,HAS_SYMPTOM,Ngứa,,syn_019,
Viêm dạ dày ruột nhiễm khuẩn,A09,HAS_SYMPTOM,Tiêu chảy cấp,,syn_082,
Viêm dạ dày ruột nhiễm khuẩn,A09,HAS_SYMPTOM,Đau quặn bụng vùng quanh rốn,,syn_082,
Viêm dạ dày ruột nhiễm khuẩn,A09,HAS_SYMPTOM,Đi ngoài 5 lần/ngày,,syn_040,
Viêm gan vi-rút B mạn,B18.1,CAUSES,Vàng da,,syn_065,
Viêm gan vi-rút B mạn,B18.1,HAS_SYMPTOM,Mệt mỏi kéo dài,,syn_065,
Viêm gan vi-rút B mạn,B18.1,HAS_SYMPTOM,Vàng da,,syn_065,
Viêm gân vai,M75.2,HAS_SYMPTOM,Hạn chế tầm vận động khớp,,syn_067,
Viêm gân vai,M75.2,HAS_SYMPTOM,Đau nhói khớp vai khi giơ tay lên cao,,syn_067,
Viêm khớp dạng thấp,M06.9,HAS_SYMPTOM,Cứng khớp buổi sáng,,syn_036,
Viêm khớp dạng thấp,M06.9,HAS_SYMPTOM,Cứng khớp buổi sáng kéo dài trên 1 giờ,,syn_083,
Viêm khớp dạng thấp,M06.9,HAS_SYMPTOM,Sưng đau các khớp bàn tay đối xứng,,syn_083,
Viêm loét dạ dày,K25,CAUSES,Đau thượng vị,,syn_087,
Viêm loét dạ dày,K25,HAS_SYMPTOM,Đau thượng vị,,"syn_012,syn_087",
Viêm loét dạ dày,K25,HAS_SYMPTOM,Ợ chua,,syn_087,
Viêm mũi dị ứng,J30.4,HAS_SYMPTOM,Chảy nước mũi nhiều,,syn_035,
Viêm mũi dị ứng,J30.4,HAS_SYMPTOM,Hắt hơi,,syn_035,
Viêm mũi họng cấp,J00,HAS_SYMPTOM,Nghẹt mũi,,syn_084,
Viêm mũi họng cấp,J00,HAS_SYMPTOM,Nuốt khó,,syn_029,
Viêm mũi họng cấp,J00,HAS_SYMPTOM,Đau họng,,syn_029,
Viêm mũi họng cấp,J00,HAS_SYMPTOM,Đau rát họng,,syn_084,
Viêm phế quản cấp,J20.9,HAS_SYMPTOM,Ho nhiều,,syn_018,
Viêm phế quản cấp,J20.9,HAS_SYMPTOM,Sốt 38.5 độ,,syn_018,
Viêm phế quản cấp,J20.9,HAS_SYMPTOM,ho,,syn_018,
Viêm phế quản cấp,J20.9,HAS_SYMPTOM,sốt,,syn_018,
Viêm phổi,J18.9,HAS_SYMPTOM,Ho khạc đờm mủ,,syn_068,
Viêm phổi,J18.9,HAS_SYMPTOM,Sốt cao,,syn_068,
Viêm ruột thừa cấp,K35.8,HAS_SYMPTOM,Sốt nhẹ,,"syn_069,syn_088,syn_092,syn_095",
Viêm ruột thừa cấp,K35.8,HAS_SYMPTOM,Đau bụng,,syn_069,
Viêm ruột thừa cấp,K35.8,HAS_SYMPTOM,Đau bụng vùng hố chậu phải,,"syn_088,syn_092",
Viêm ruột thừa cấp,K35.8,HAS_SYMPTOM,Đau quặn hố chậu phải,,syn_095,
Viêm ruột thừa cấp,K35.8,HAS_SYMPTOM,Đau âm ỉ vùng hố chậu phải,,syn_005,
Viêm âm đạo do nấm,B37.3,HAS_SYMPTOM,Ngứa rát vùng kín,,syn_070,
Viêm âm đạo do nấm,B37.3,HAS_SYMPTOM,Ngứa rát vùng kín dữ dội,,syn_070,
Viêm âm đạo do nấm,B37.3,HAS_SYMPTOM,Ra khí hư đặc dính màu trắng đục như váng sữa,,syn_070,
Warfarin,RXCUI:11289,PRESCRIBED_FOR,Rung nhĩ,I48.9,syn_044,2.5mg
Xơ vữa động mạch cảnh,,HAS_SYMPTOM,Chóng mặt kéo dài,,syn_093,
Xơ vữa động mạch cảnh,,HAS_SYMPTOM,Tê yếu nửa người thoáng qua,,syn_093,
Đa nang buồng trứng,E28.2,HAS_SYMPTOM,Rậm lông mặt,,syn_071,
Đa nang buồng trứng,E28.2,HAS_SYMPTOM,Rối loạn kinh nguyệt,,syn_071,
Đa nang buồng trứng,E28.2,HAS_SYMPTOM,Vòng kinh kéo dài,,syn_071,
Đau thắt lưng,M54.5,HAS_SYMPTOM,Co cứng cơ cạnh sống thắt lưng,,syn_096,
Đau thắt lưng,M54.5,HAS_SYMPTOM,Hạn chế vận động,,syn_091,
Đau thắt lưng,M54.5,HAS_SYMPTOM,Hạn chế vận động cột sống,,syn_096,
Đau thắt lưng,M54.5,HAS_SYMPTOM,Hạn chế vận động rõ rệt khi cúi người,,syn_091,
Đau thắt lưng,M54.5,HAS_SYMPTOM,Đau nhói vùng cột sống,,syn_091,
Đái tháo đường týp 2,E11,HAS_SYMPTOM,Khát nước liên tục,,syn_072,
Đái tháo đường týp 2,E11,HAS_SYMPTOM,Sụt cân nhanh,,syn_072,
Động kinh,G40.9,HAS_SYMPTOM,Co giật toàn thể cứng - gi clon,,syn_073,
Động kinh,G40.9,HAS_SYMPTOM,Mất ý thức,,syn_073,
Động kinh,G40.9,HAS_SYMPTOM,Mất ý thức đột ngột,,syn_073,
Động kinh,G40.9,HAS_SYMPTOM,Sủi bọt mép,,syn_073,
