label,name,code
DISEASE,Bệnh Migraine,G43.9
DISEASE,Bệnh phổi tắc nghẽn mạn tính,J44
DISEASE,Cao huyết áp,I10
DISEASE,Cường giáp,E05.9
DISEASE,Hen phế quản,J45
DISEASE,Loãng xương,
DISEASE,Mụn trứng cá,L70.0
DISEASE,Nhiễm trùng đường tiết niệu,N39.0
DISEASE,Nhồi máu não,I63
DISEASE,Nấm da,B35.9
DISEASE,Phì đại lành tính tuyến tiền liệt,N40
DISEASE,Rung nhĩ,I48.9
DISEASE,Ruột kích thích,
DISEASE,Rối loạn lipid máu,E78.5
DISEASE,Rối loạn lo âu lan tỏa,F41.1
DISEASE,Suy giáp,E03.9
DISEASE,Suy tim sung huyết,I50.9
DISEASE,Suy tuyến thượng thận,E27.4
DISEASE,Sỏi thận,N20.0
DISEASE,Thiếu máu thiếu sắt,D50.9
DISEASE,Thoái hóa khớp,M19.9
DISEASE,Thoát vị đĩa đệm cột sống thắt lưng,M51.2
DISEASE,Trào ngược dạ dày thực quản,K21.9
DISEASE,U xơ tử cung,D25.9
DISEASE,Viêm da cơ địa,L20.9
DISEASE,Viêm dạ dày ruột nhiễm khuẩn,A09
DISEASE,Viêm gan vi-rút B mạn,B18.1
DISEASE,Viêm gân vai,M75.2
DISEASE,Viêm khớp dạng thấp,M06.9
DISEASE,Viêm loét dạ dày,K29.7
DISEASE,Viêm mũi dị ứng,J30.4
DISEASE,Viêm mũi họng cấp,J00
DISEASE,Viêm phế quản cấp,J20.9
DISEASE,Viêm phổi,J18.9
DISEASE,Viêm ruột thừa cấp,K35.8
DISEASE,Viêm âm đạo do nấm,N76.0
DISEASE,Xơ vữa động mạch cảnh,
DISEASE,Đa nang buồng trứng,E28.2
DISEASE,Đau lưng dưới,M54.5
DISEASE,Đái tháo đường týp 2,E11
DISEASE,Động kinh,G40.9
DRUG,Alendronate 70mg,RXCUI:46041
DRUG,Amlodipine 5mg,RXCUI:17767
DRUG,Amoxicillin 500mg,RXCUI:723
DRUG,Aspirin 81mg,RXCUI:1191
DRUG,Atorvastatin 20mg,RXCUI:83367
DRUG,Augmentin,RXCUI:48203
DRUG,Calcium,RXCUI:1895
DRUG,Carbamazepine 200mg,RXCUI:2002
DRUG,Cefixim 200mg,RXCUI:25033
DRUG,Celecoxib 200mg,RXCUI:140587
DRUG,Cetirizine 10mg,RXCUI:20610
DRUG,Clotrimazole,RXCUI:2623
DRUG,Cyproterone acetate 2mg,RXCUI:22054
DRUG,Depakine Chrono 500mg,
DRUG,Diane-35,
DRUG,Diclofenac,RXCUI:3355
DRUG,Digoxin 0.25mg,RXCUI:3407
DRUG,Escitalopram 10mg,RXCUI:321988
DRUG,Esomeprazole 40mg,RXCUI:283742
DRUG,Ethinylestradiol 0.03mg,RXCUI:4124
DRUG,Ferrous sulfate,RXCUI:24947
DRUG,Fluconazole 150mg,RXCUI:4450
DRUG,Furosemide 40mg,RXCUI:4603
DRUG,Hydrocortisone,RXCUI:5492
DRUG,Hydrocortisone 10mg,RXCUI:5492
DRUG,Ibuprofen,RXCUI:5640
DRUG,Isotretinoin 10mg,RXCUI:6064
DRUG,Levothyroxine 50mcg,RXCUI:10582
DRUG,Lisinopril 10mg,RXCUI:29046
DRUG,Loratadine,RXCUI:28889
DRUG,Meloxicam 15mg,RXCUI:41493
DRUG,Meloxicam 7.5mg,RXCUI:41493
DRUG,Metformin,RXCUI:6809
DRUG,Methimazole 5mg,RXCUI:6835
DRUG,Methotrexate 10mg/tuần,RXCUI:6851
DRUG,Omeprazole 20mg,RXCUI:7646
DRUG,Oresol,
DRUG,Paracetamol 500mg,RXCUI:161
DRUG,Prednisolone 5mg,RXCUI:8638
DRUG,Salbutamol,RXCUI:435
DRUG,Salmeterol/Fluticasone 50/250 mcg,
DRUG,Sertraline 50mg,RXCUI:36437
DRUG,Sumatriptan 50mg,RXCUI:37418
DRUG,Tamsulosin 0.4mg,RXCUI:77492
DRUG,Tenofovir 300mg,RXCUI:117466
DRUG,Tranexamic acid 500mg,RXCUI:10691
DRUG,Trimebutin 200mg,
DRUG,Vitamin D3,RXCUI:1244014
DRUG,Warfarin 2.5mg,RXCUI:11289
DRUG_GROUP,Corticoid,RXCUI:2828
DRUG_GROUP,thuốc giãn cơ trơn,
SYMPTOM,Buồn nôn,
SYMPTOM,Chiều cao cơ thể giảm,
SYMPTOM,Chóng mặt,
SYMPTOM,Chóng mặt kéo dài,
SYMPTOM,Chảy nước mũi nhiều,
SYMPTOM,Co cứng cơ cạnh sống thắt lưng,
SYMPTOM,Co giật toàn thể cứng - gi clon,
SYMPTOM,Cơn co giật,
SYMPTOM,Cơn đau thắt ngực,
SYMPTOM,Cứng khớp buổi sáng,
SYMPTOM,Cứng khớp buổi sáng kéo dài trên 1 giờ,
SYMPTOM,Da xanh xao,
SYMPTOM,Ho khan,
SYMPTOM,Ho khan kéo dài,
SYMPTOM,Ho khạc đờm mủ,
SYMPTOM,Ho khạc đờm nhầy mạn tính,
SYMPTOM,Hoa mắt,
SYMPTOM,Hạn chế tầm vận động khớp,
SYMPTOM,Hạn chế vận động cột sống,
SYMPTOM,Hạn chế vận động rõ rệt khi cúi người,
SYMPTOM,Hắt hơi,
SYMPTOM,Hồi hộp,
SYMPTOM,Hồi hộp đánh trống ngực,
SYMPTOM,Khát nước liên tục,
SYMPTOM,Khó nói,
SYMPTOM,Khó thở khi gắng sức,
SYMPTOM,Khó thở rít,
SYMPTOM,Khó tập trung công việc,
SYMPTOM,Liệt nhẹ nửa người trái,
SYMPTOM,Liệt nửa người bên phải,
SYMPTOM,Lo lắng quá mức,
SYMPTOM,Méo miệng,
SYMPTOM,Mảng đỏ,
SYMPTOM,Mất ý thức đột ngột,
SYMPTOM,Mệt mỏi,
SYMPTOM,Mệt mỏi kéo dài,
SYMPTOM,Nghẹt mũi,
SYMPTOM,Ngứa,
SYMPTOM,Ngứa rát vùng kín,
SYMPTOM,Nhân trứng cá đầu đen,
SYMPTOM,Nuốt khó,
SYMPTOM,Nóng rát sau xương ức,
SYMPTOM,Phù chi dưới,
SYMPTOM,Phù hai chi dưới,
SYMPTOM,Ra khí hư đặc dính màu trắng đục như váng sữa,
SYMPTOM,Rong kinh,
SYMPTOM,Run tay,
SYMPTOM,Rậm lông mặt,
SYMPTOM,Rối loạn kinh nguyệt,
SYMPTOM,Sưng đau các khớp bàn tay đối xứng,
SYMPTOM,Sẩn đỏ viêm,
SYMPTOM,Sốt cao,
SYMPTOM,Sốt nhẹ,
SYMPTOM,Sợ lạnh,
SYMPTOM,Sụt cân,
SYMPTOM,Sụt cân nhanh,
SYMPTOM,Sủi bọt mép,
SYMPTOM,Tiêu chảy,
SYMPTOM,Tiêu chảy cấp,
SYMPTOM,Tiểu buốt,
SYMPTOM,Tiểu khó,
SYMPTOM,Tiểu máu vi thể,
SYMPTOM,Tiểu ngắt quãng,
SYMPTOM,Tiểu rắt,
SYMPTOM,Tiểu đêm,
SYMPTOM,Táo bón,
SYMPTOM,Tê bì cẳng chân,
SYMPTOM,Tê bì hai chi dưới,
SYMPTOM,Tê yếu nửa người thoáng qua,
SYMPTOM,Tổn thương da dạng vành cung có bờ viền rõ,
SYMPTOM,Viêm ngứa,
SYMPTOM,Vàng da,
SYMPTOM,Vòng kinh kéo dài,
SYMPTOM,ho,
SYMPTOM,sốt,
SYMPTOM,Đau bụng,
SYMPTOM,Đau bụng vùng hố chậu phải,
SYMPTOM,Đau dữ dội,
SYMPTOM,Đau họng,
SYMPTOM,Đau khớp,
SYMPTOM,Đau nhói khớp vai khi giơ tay lên cao,
SYMPTOM,Đau nhói vùng cột sống,
SYMPTOM,Đau nhói vùng thắt lưng,
SYMPTOM,Đau nhức âm ỉ vùng cột sống thắt lưng,
SYMPTOM,Đau quặn bụng,
SYMPTOM,Đau quặn bụng vùng quanh rốn,
SYMPTOM,Đau quặn hố chậu phải,
SYMPTOM,Đau quặn thận bên phải,
SYMPTOM,Đau quặn thận trái,
SYMPTOM,Đau rát họng,
SYMPTOM,Đau thượng vị,
SYMPTOM,Đau thần kinh tọa,
SYMPTOM,Đau thắt lưng,
SYMPTOM,Đau tăng khi vận động,
SYMPTOM,Đau tức hạ vị,
SYMPTOM,Đau tức ngực âm ỉ,
SYMPTOM,Đau âm ỉ vùng hố chậu phải,
SYMPTOM,Đau đầu,
SYMPTOM,Đau đầu dữ dội theo mạch đập ở một bên thái dương,
SYMPTOM,Đau đầu vùng chẩm,
SYMPTOM,Đi ngoài 5 lần/ngày,
SYMPTOM,Đi ngoài phân lỏng,
SYMPTOM,Đờm trắng,
SYMPTOM,Ợ chua,
SYMPTOM,ợ nóng,
